{
  "phase": "0",
  "metrics": {
    "loss": [
      7.700062274932861,
      7.700062274932861,
      7.700062274932861,
      7.700062274932861,
      7.700062274932861,
      7.700062274932861,
      7.700062274932861,
      7.700062274932861,
      7.700062274932861,
      7.700062274932861,
      7.700062274932861,
      7.700062274932861,
      7.700062274932861,
      7.700062274932861,
      7.700062274932861
    ],
    "accuracy": [],
    "temporal_features": [
      0.0,
      0.0,
      0.0,
      0.0,
      0.0,
      0.0,
      0.0,
      0.0,
      0.0,
      0.0,
      0.0,
      0.0,
      0.0,
      0.0,
      0.0
    ]
  }
}