{
  "phase": 0,
  "metrics": {
    "loss": [
      1.5051166415214539,
      1.5051166415214539,
      1.5051166415214539,
      1.5051166415214539,
      1.5051166415214539
    ],
    "accuracy": [],
    "temporal_features": [
      0.0,
      0.0,
      0.0,
      0.0,
      0.0
    ]
  },
  "config": {
    "embed_dim": 256,
    "hidden_dim": 128,
    "vocab_size": 10000,
    "num_experts": 8,
    "phasor_harmonics": 64,
    "epochs": 5,
    "batch_size": 8,
    "learning_rate": 0.001
  }
}