{
  "phase": 1,
  "metrics": {
    "loss": [
      0.32068128945926827,
      0.32068128945926827,
      0.32068128945926827,
      0.32068128945926827,
      0.32068128945926827
    ],
    "accuracy": [],
    "attention_modulation": [
      1.000249981880188,
      1.000249981880188,
      1.000249981880188,
      1.000249981880188,
      1.000249981880188
    ]
  },
  "config": {
    "embed_dim": 256,
    "hidden_dim": 128,
    "vocab_size": 10000,
    "num_experts": 8,
    "phasor_harmonics": 64,
    "epochs": 5,
    "batch_size": 8,
    "learning_rate": 0.001
  }
}